-- MySQL dump 10.13  Distrib 8.0.26, for Linux (x86_64)
--
-- Host: localhost    Database: workLog_db
-- ------------------------------------------------------
-- Server version	8.0.26

/*!40101 SET @OLD_CHARACTER_SET_CLIENT=@@CHARACTER_SET_CLIENT */;
/*!40101 SET @OLD_CHARACTER_SET_RESULTS=@@CHARACTER_SET_RESULTS */;
/*!40101 SET @OLD_COLLATION_CONNECTION=@@COLLATION_CONNECTION */;
/*!50503 SET NAMES utf8mb4 */;
/*!40103 SET @OLD_TIME_ZONE=@@TIME_ZONE */;
/*!40103 SET TIME_ZONE='+00:00' */;
/*!40014 SET @OLD_UNIQUE_CHECKS=@@UNIQUE_CHECKS, UNIQUE_CHECKS=0 */;
/*!40014 SET @OLD_FOREIGN_KEY_CHECKS=@@FOREIGN_KEY_CHECKS, FOREIGN_KEY_CHECKS=0 */;
/*!40101 SET @OLD_SQL_MODE=@@SQL_MODE, SQL_MODE='NO_AUTO_VALUE_ON_ZERO' */;
/*!40111 SET @OLD_SQL_NOTES=@@SQL_NOTES, SQL_NOTES=0 */;

--
-- Table structure for table `contractors`
--

DROP TABLE IF EXISTS `contractors`;
/*!40101 SET @saved_cs_client     = @@character_set_client */;
/*!50503 SET character_set_client = utf8mb4 */;
CREATE TABLE `contractors` (
  `id` bigint unsigned NOT NULL AUTO_INCREMENT,
  `name` varchar(255) COLLATE utf8mb4_unicode_ci NOT NULL,
  `date_of_birth` date NOT NULL,
  `address` varchar(255) COLLATE utf8mb4_unicode_ci NOT NULL,
  `created_at` timestamp NULL DEFAULT NULL,
  `updated_at` timestamp NULL DEFAULT NULL,
  PRIMARY KEY (`id`)
) ENGINE=InnoDB DEFAULT CHARSET=utf8mb4 COLLATE=utf8mb4_unicode_ci;
/*!40101 SET character_set_client = @saved_cs_client */;

--
-- Dumping data for table `contractors`
--

LOCK TABLES `contractors` WRITE;
/*!40000 ALTER TABLE `contractors` DISABLE KEYS */;
INSERT INTO `contractors` VALUES (1,'黒崎　浩平','1987-12-16','神奈川県横浜市神奈川区入江1-12-13 キャッスル入江B205','2026-04-07 08:58:43','2026-04-07 08:58:43'),(2,'高　正慧','1988-07-22','東京都板橋区小豆沢3-10-13 20s','2026-04-07 21:52:28','2026-04-07 21:52:28'),(3,'張　東','1994-03-18','神奈川県横浜市中区曙町1-10-15','2026-04-07 21:53:45','2026-04-07 21:53:45'),(4,'席　峰偉','1984-07-11','東京都小平市小川町2-2037-8','2026-04-07 21:56:00','2026-04-07 21:56:00'),(5,'陳　平','1994-06-07','神奈川県川崎市多摩区宿河原6-23-18','2026-04-07 21:57:22','2026-04-07 21:57:22'),(6,'柳田　慧人','1993-02-16','神奈川県伊勢原市桜台3-13-1-601','2026-04-07 21:59:00','2026-04-07 21:59:00');
/*!40000 ALTER TABLE `contractors` ENABLE KEYS */;
UNLOCK TABLES;

--
-- Table structure for table `makers`
--

DROP TABLE IF EXISTS `makers`;
/*!40101 SET @saved_cs_client     = @@character_set_client */;
/*!50503 SET character_set_client = utf8mb4 */;
CREATE TABLE `makers` (
  `id` bigint unsigned NOT NULL AUTO_INCREMENT,
  `name` varchar(255) COLLATE utf8mb4_unicode_ci NOT NULL,
  `created_at` timestamp NULL DEFAULT NULL,
  `updated_at` timestamp NULL DEFAULT NULL,
  PRIMARY KEY (`id`)
) ENGINE=InnoDB DEFAULT CHARSET=utf8mb4 COLLATE=utf8mb4_unicode_ci;
/*!40101 SET character_set_client = @saved_cs_client */;

--
-- Dumping data for table `makers`
--

LOCK TABLES `makers` WRITE;
/*!40000 ALTER TABLE `makers` DISABLE KEYS */;
INSERT INTO `makers` VALUES (1,'荏原製作所','2026-04-04 21:24:31','2026-04-04 21:24:31'),(2,'東芝','2026-04-04 21:24:40','2026-04-04 21:24:40'),(3,'T-MIKE','2026-04-04 21:25:00','2026-04-04 21:25:00'),(4,'日機装','2026-04-04 21:26:39','2026-04-04 21:26:39'),(5,'青木固研究所','2026-04-04 21:27:02','2026-04-04 21:27:02'),(6,'サンリツ','2026-04-04 21:28:02','2026-04-04 21:28:02'),(7,'長島','2026-04-04 21:28:15','2026-04-04 21:28:15'),(8,'近鉄エクスプレス','2026-04-04 21:28:27','2026-04-04 21:28:27'),(9,'住友重機','2026-04-07 22:07:12','2026-04-07 22:07:12'),(10,'富士フィルム','2026-04-07 22:21:26','2026-04-07 22:21:26'),(11,'京浜港運','2026-04-09 04:28:18','2026-04-09 04:28:18'),(12,'荏原冷熱','2026-04-09 04:31:18','2026-04-09 04:31:18');
/*!40000 ALTER TABLE `makers` ENABLE KEYS */;
UNLOCK TABLES;

--
-- Table structure for table `migrations`
--

DROP TABLE IF EXISTS `migrations`;
/*!40101 SET @saved_cs_client     = @@character_set_client */;
/*!50503 SET character_set_client = utf8mb4 */;
CREATE TABLE `migrations` (
  `id` int unsigned NOT NULL AUTO_INCREMENT,
  `migration` varchar(255) COLLATE utf8mb4_unicode_ci NOT NULL,
  `batch` int NOT NULL,
  PRIMARY KEY (`id`)
) ENGINE=InnoDB DEFAULT CHARSET=utf8mb4 COLLATE=utf8mb4_unicode_ci;
/*!40101 SET character_set_client = @saved_cs_client */;

--
-- Dumping data for table `migrations`
--

LOCK TABLES `migrations` WRITE;
/*!40000 ALTER TABLE `migrations` DISABLE KEYS */;
INSERT INTO `migrations` VALUES (1,'2026_04_03_174631_create_contractors_table',1),(2,'2026_04_03_174701_create_work_sites_table',1),(3,'2026_04_03_175052_create_makers_table',1),(4,'2026_04_03_175059_create_tasks_table',1),(5,'2026_04_03_175107_create_payments_table',1),(6,'2026_04_03_175117_create_work_reports_table',1),(7,'2026_04_03_183752_create_work_details_table',1);
/*!40000 ALTER TABLE `migrations` ENABLE KEYS */;
UNLOCK TABLES;

--
-- Table structure for table `payments`
--

DROP TABLE IF EXISTS `payments`;
/*!40101 SET @saved_cs_client     = @@character_set_client */;
/*!50503 SET character_set_client = utf8mb4 */;
CREATE TABLE `payments` (
  `id` bigint unsigned NOT NULL AUTO_INCREMENT,
  `contractors_id` bigint unsigned NOT NULL,
  `target_month` varchar(255) COLLATE utf8mb4_unicode_ci NOT NULL,
  `amount` int NOT NULL,
  `payment_method` varchar(255) COLLATE utf8mb4_unicode_ci NOT NULL,
  `created_at` timestamp NULL DEFAULT NULL,
  `updated_at` timestamp NULL DEFAULT NULL,
  PRIMARY KEY (`id`),
  KEY `payments_contractors_id_foreign` (`contractors_id`),
  CONSTRAINT `payments_contractors_id_foreign` FOREIGN KEY (`contractors_id`) REFERENCES `contractors` (`id`) ON DELETE CASCADE
) ENGINE=InnoDB DEFAULT CHARSET=utf8mb4 COLLATE=utf8mb4_unicode_ci;
/*!40101 SET character_set_client = @saved_cs_client */;

--
-- Dumping data for table `payments`
--

LOCK TABLES `payments` WRITE;
/*!40000 ALTER TABLE `payments` DISABLE KEYS */;
/*!40000 ALTER TABLE `payments` ENABLE KEYS */;
UNLOCK TABLES;

--
-- Table structure for table `tasks`
--

DROP TABLE IF EXISTS `tasks`;
/*!40101 SET @saved_cs_client     = @@character_set_client */;
/*!50503 SET character_set_client = utf8mb4 */;
CREATE TABLE `tasks` (
  `id` bigint unsigned NOT NULL AUTO_INCREMENT,
  `name` varchar(255) COLLATE utf8mb4_unicode_ci NOT NULL,
  `unit` varchar(255) COLLATE utf8mb4_unicode_ci NOT NULL,
  `created_at` timestamp NULL DEFAULT NULL,
  `updated_at` timestamp NULL DEFAULT NULL,
  PRIMARY KEY (`id`)
) ENGINE=InnoDB DEFAULT CHARSET=utf8mb4 COLLATE=utf8mb4_unicode_ci;
/*!40101 SET character_set_client = @saved_cs_client */;

--
-- Dumping data for table `tasks`
--

LOCK TABLES `tasks` WRITE;
/*!40000 ALTER TABLE `tasks` DISABLE KEYS */;
INSERT INTO `tasks` VALUES (1,'梱包','c/s','2026-04-04 21:28:36','2026-04-04 21:28:36'),(2,'内装','c/s','2026-04-04 21:28:44','2026-04-04 21:28:44'),(3,'養生','c/s','2026-04-04 21:28:55','2026-04-04 21:28:55'),(4,'梱包','s/d','2026-04-04 21:29:07','2026-04-04 21:29:07'),(5,'養生','p/l','2026-04-07 22:03:22','2026-04-07 22:03:22'),(6,'内装','c/r','2026-04-07 22:07:33','2026-04-07 22:07:33'),(7,'梱包','c/r','2026-04-07 22:07:42','2026-04-07 22:07:42'),(8,'製函','c/s','2026-04-07 22:10:38','2026-04-07 22:10:38'),(9,'製函','c/r','2026-04-07 22:10:57','2026-04-07 22:10:57'),(10,'バン詰め','20F/R','2026-04-07 22:12:49','2026-04-07 22:12:49'),(11,'製函','s/d','2026-04-07 22:14:06','2026-04-07 22:14:06'),(12,'内装','s/d','2026-04-07 22:14:41','2026-04-07 22:14:41'),(13,'デバン','20R','2026-04-07 22:21:06','2026-04-07 22:21:06'),(14,'養生','s/d','2026-04-07 22:22:23','2026-04-07 22:22:23'),(15,'ブルーシート養生','c/s','2026-04-09 04:30:31','2026-04-09 04:30:31');
/*!40000 ALTER TABLE `tasks` ENABLE KEYS */;
UNLOCK TABLES;

--
-- Table structure for table `work_details`
--

DROP TABLE IF EXISTS `work_details`;
/*!40101 SET @saved_cs_client     = @@character_set_client */;
/*!50503 SET character_set_client = utf8mb4 */;
CREATE TABLE `work_details` (
  `id` bigint unsigned NOT NULL AUTO_INCREMENT,
  `work_reports_id` bigint unsigned NOT NULL,
  `makers_id` bigint unsigned NOT NULL,
  `tasks_id` bigint unsigned NOT NULL,
  `quantity` int NOT NULL,
  `created_at` timestamp NULL DEFAULT NULL,
  `updated_at` timestamp NULL DEFAULT NULL,
  PRIMARY KEY (`id`),
  KEY `work_details_work_reports_id_foreign` (`work_reports_id`),
  KEY `work_details_makers_id_foreign` (`makers_id`),
  KEY `work_details_tasks_id_foreign` (`tasks_id`),
  CONSTRAINT `work_details_makers_id_foreign` FOREIGN KEY (`makers_id`) REFERENCES `makers` (`id`) ON DELETE CASCADE,
  CONSTRAINT `work_details_tasks_id_foreign` FOREIGN KEY (`tasks_id`) REFERENCES `tasks` (`id`) ON DELETE CASCADE,
  CONSTRAINT `work_details_work_reports_id_foreign` FOREIGN KEY (`work_reports_id`) REFERENCES `work_reports` (`id`) ON DELETE CASCADE
) ENGINE=InnoDB DEFAULT CHARSET=utf8mb4 COLLATE=utf8mb4_unicode_ci;
/*!40101 SET character_set_client = @saved_cs_client */;

--
-- Dumping data for table `work_details`
--

LOCK TABLES `work_details` WRITE;
/*!40000 ALTER TABLE `work_details` DISABLE KEYS */;
INSERT INTO `work_details` VALUES (1,1,6,2,8,'2026-04-07 22:00:47','2026-04-07 22:00:47'),(2,2,8,5,10,'2026-04-07 22:03:36','2026-04-07 22:03:36'),(3,3,6,1,8,'2026-04-07 22:04:13','2026-04-07 22:04:13'),(4,4,8,5,10,'2026-04-07 22:04:25','2026-04-07 22:04:25'),(5,5,6,1,8,'2026-04-07 22:04:44','2026-04-07 22:04:44'),(6,6,6,1,8,'2026-04-07 22:04:55','2026-04-07 22:04:55'),(7,7,9,7,10,'2026-04-07 22:11:42','2026-04-07 22:11:42'),(8,8,4,10,1,'2026-04-07 22:13:12','2026-04-07 22:13:12'),(9,9,7,11,19,'2026-04-07 22:14:21','2026-04-07 22:14:21'),(10,10,7,12,19,'2026-04-07 22:14:56','2026-04-07 22:14:56'),(11,11,4,10,1,'2026-04-07 22:15:08','2026-04-07 22:15:08'),(12,12,7,12,19,'2026-04-07 22:15:26','2026-04-07 22:15:26'),(13,13,4,10,1,'2026-04-07 22:15:45','2026-04-07 22:15:45'),(14,14,7,11,19,'2026-04-07 22:16:03','2026-04-07 22:16:03'),(15,15,7,12,19,'2026-04-07 22:16:20','2026-04-07 22:16:20'),(16,16,1,1,2,'2026-04-07 22:16:38','2026-04-07 22:16:38'),(17,17,9,7,12,'2026-04-07 22:17:03','2026-04-07 22:17:03'),(18,18,9,7,16,'2026-04-07 22:17:22','2026-04-07 22:17:22'),(19,19,7,4,19,'2026-04-07 22:17:45','2026-04-07 22:17:45'),(20,20,6,2,2,'2026-04-07 22:18:05','2026-04-07 22:18:05'),(21,21,7,4,19,'2026-04-07 22:18:18','2026-04-07 22:18:18'),(22,22,6,2,2,'2026-04-07 22:18:30','2026-04-07 22:18:30'),(23,23,7,4,19,'2026-04-07 22:18:47','2026-04-07 22:18:47'),(24,24,1,1,1,'2026-04-07 22:19:05','2026-04-07 22:19:05'),(25,25,9,11,20,'2026-04-07 22:19:22','2026-04-07 22:19:22'),(26,26,9,9,30,'2026-04-07 22:19:41','2026-04-07 22:19:41'),(27,27,1,8,1,'2026-04-07 22:20:07','2026-04-07 22:20:07'),(28,28,2,2,1,'2026-04-07 22:20:22','2026-04-07 22:20:22'),(29,29,10,13,1,'2026-04-07 22:21:40','2026-04-07 22:21:40'),(30,30,8,14,8,'2026-04-07 22:22:38','2026-04-07 22:22:38'),(31,31,6,1,2,'2026-04-07 22:22:54','2026-04-07 22:22:54'),(32,32,10,13,1,'2026-04-07 22:23:09','2026-04-07 22:23:09'),(33,33,8,14,8,'2026-04-07 22:23:24','2026-04-07 22:23:24'),(34,34,10,13,1,'2026-04-07 22:23:45','2026-04-07 22:23:45'),(35,35,8,14,8,'2026-04-07 22:23:58','2026-04-07 22:23:58'),(36,36,6,1,2,'2026-04-07 22:24:12','2026-04-07 22:24:12'),(37,37,8,14,8,'2026-04-07 22:24:24','2026-04-07 22:24:24'),(38,38,9,9,12,'2026-04-07 22:24:52','2026-04-07 22:24:52'),(39,39,9,9,20,'2026-04-07 22:25:07','2026-04-07 22:25:07'),(40,40,2,8,1,'2026-04-07 22:25:32','2026-04-07 22:25:32'),(41,41,1,8,9,'2026-04-07 22:26:01','2026-04-07 22:26:01'),(42,42,3,1,1,'2026-04-07 22:26:12','2026-04-07 22:26:12'),(43,43,2,1,1,'2026-04-07 22:26:26','2026-04-07 22:26:26'),(44,44,1,1,4,'2026-04-07 22:26:38','2026-04-07 22:26:38'),(45,45,1,2,3,'2026-04-07 22:27:01','2026-04-07 22:27:01'),(46,46,1,8,9,'2026-04-07 22:27:21','2026-04-07 22:27:21'),(47,47,2,8,1,'2026-04-07 22:27:40','2026-04-07 22:27:40'),(48,48,1,1,5,'2026-04-07 22:27:50','2026-04-07 22:27:50'),(49,49,2,1,1,'2026-04-07 22:28:00','2026-04-07 22:28:00'),(50,50,9,6,20,'2026-04-07 22:28:20','2026-04-07 22:28:20'),(51,51,9,6,5,'2026-04-07 22:28:37','2026-04-07 22:28:37'),(52,52,9,7,20,'2026-04-07 22:28:54','2026-04-07 22:28:54'),(53,53,1,1,3,'2026-04-09 04:31:08','2026-04-09 04:31:08'),(54,54,12,8,11,'2026-04-09 04:31:36','2026-04-09 04:31:36'),(55,55,12,2,11,'2026-04-09 04:31:52','2026-04-09 04:31:52'),(56,56,1,1,1,'2026-04-09 04:32:06','2026-04-09 04:32:06'),(57,57,1,2,1,'2026-04-09 04:32:19','2026-04-09 04:32:19'),(58,58,12,8,11,'2026-04-09 04:32:36','2026-04-09 04:32:36'),(59,59,12,2,11,'2026-04-09 04:32:47','2026-04-09 04:32:47'),(60,60,1,1,3,'2026-04-09 04:32:58','2026-04-09 04:32:58'),(61,61,12,8,11,'2026-04-09 04:33:14','2026-04-09 04:33:14'),(62,62,12,2,11,'2026-04-09 04:33:25','2026-04-09 04:33:25'),(63,63,1,1,1,'2026-04-09 04:33:36','2026-04-09 04:33:36'),(64,64,12,8,11,'2026-04-09 04:33:54','2026-04-09 04:33:54'),(65,65,9,9,15,'2026-04-09 04:34:10','2026-04-09 04:34:10'),(66,66,9,9,15,'2026-04-09 04:34:24','2026-04-09 04:34:24'),(67,67,12,1,11,'2026-04-09 04:35:26','2026-04-09 04:35:26'),(68,68,1,2,1,'2026-04-09 04:35:43','2026-04-09 04:35:43'),(69,70,1,1,1,'2026-04-09 04:35:59','2026-04-09 04:35:59'),(70,71,11,15,3,'2026-04-09 04:36:21','2026-04-09 04:36:21'),(71,72,12,1,11,'2026-04-09 04:36:37','2026-04-09 04:36:37'),(72,73,1,2,1,'2026-04-09 04:36:50','2026-04-09 04:36:50'),(73,74,1,1,1,'2026-04-09 04:36:57','2026-04-09 04:36:57'),(74,75,11,15,3,'2026-04-09 04:37:07','2026-04-09 04:37:07'),(75,76,12,1,11,'2026-04-09 04:37:19','2026-04-09 04:37:19'),(76,77,1,1,1,'2026-04-09 04:37:28','2026-04-09 04:37:28'),(77,78,11,15,2,'2026-04-09 04:37:42','2026-04-09 04:37:42'),(78,79,12,1,11,'2026-04-09 04:37:50','2026-04-09 04:37:50'),(79,80,1,1,1,'2026-04-09 04:37:57','2026-04-09 04:37:57'),(80,81,11,15,1,'2026-04-09 04:38:09','2026-04-09 04:38:09'),(81,82,9,7,15,'2026-04-13 08:52:07','2026-04-13 08:52:07'),(82,83,2,2,2,'2026-04-13 08:52:23','2026-04-13 08:52:23'),(83,84,2,1,2,'2026-04-13 08:52:30','2026-04-13 08:52:30'),(84,85,2,2,2,'2026-04-13 08:52:40','2026-04-13 08:52:40'),(85,86,2,1,2,'2026-04-13 08:52:52','2026-04-13 08:52:52'),(86,87,2,8,2,'2026-04-13 08:53:05','2026-04-13 08:53:05'),(87,88,2,1,2,'2026-04-13 08:53:14','2026-04-13 08:53:14'),(88,89,2,8,2,'2026-04-13 08:53:25','2026-04-13 08:53:25'),(89,90,2,1,2,'2026-04-13 08:53:37','2026-04-13 08:53:37'),(90,91,9,7,8,'2026-04-13 08:53:50','2026-04-13 08:53:50'),(91,92,9,7,8,'2026-04-13 08:54:05','2026-04-13 08:54:05'),(92,93,2,8,10,'2026-04-13 08:54:32','2026-04-13 08:54:32'),(93,94,2,2,1,'2026-04-13 08:54:42','2026-04-13 08:54:42'),(94,95,2,1,9,'2026-04-13 08:54:56','2026-04-13 08:54:56'),(95,96,1,8,1,'2026-04-13 08:55:12','2026-04-13 08:55:12'),(96,97,1,1,2,'2026-04-13 08:55:28','2026-04-13 08:55:28'),(97,98,2,2,1,'2026-04-13 08:55:49','2026-04-13 08:55:49'),(98,99,2,8,9,'2026-04-13 08:56:07','2026-04-13 08:56:07'),(99,100,2,1,9,'2026-04-13 08:56:18','2026-04-13 08:56:18'),(100,101,1,8,2,'2026-04-13 08:56:34','2026-04-13 08:56:34'),(101,102,1,2,2,'2026-04-13 08:56:42','2026-04-13 08:56:42'),(102,103,1,1,2,'2026-04-13 08:56:49','2026-04-13 08:56:49'),(103,104,1,8,4,'2026-04-13 09:05:10','2026-04-13 09:05:10'),(104,105,1,1,1,'2026-04-13 09:06:03','2026-04-13 09:06:03'),(105,106,2,1,9,'2026-04-13 09:14:02','2026-04-13 09:14:02'),(106,107,2,1,9,'2026-04-13 09:15:33','2026-04-13 09:15:33'),(107,108,1,8,3,'2026-04-13 09:16:04','2026-04-13 09:16:04'),(108,109,1,1,1,'2026-04-13 09:16:14','2026-04-13 09:16:14'),(109,110,2,8,9,'2026-04-13 09:16:26','2026-04-13 09:16:26'),(110,111,2,1,10,'2026-04-13 09:16:38','2026-04-13 09:16:38'),(111,112,9,9,10,'2026-04-13 09:16:54','2026-04-13 09:16:54'),(112,113,9,9,10,'2026-04-13 09:17:06','2026-04-13 09:17:06');
/*!40000 ALTER TABLE `work_details` ENABLE KEYS */;
UNLOCK TABLES;

--
-- Table structure for table `work_reports`
--

DROP TABLE IF EXISTS `work_reports`;
/*!40101 SET @saved_cs_client     = @@character_set_client */;
/*!50503 SET character_set_client = utf8mb4 */;
CREATE TABLE `work_reports` (
  `id` bigint unsigned NOT NULL AUTO_INCREMENT,
  `date` date NOT NULL,
  `contractors_id` bigint unsigned NOT NULL,
  `work_sites_id` bigint unsigned NOT NULL,
  `created_at` timestamp NULL DEFAULT NULL,
  `updated_at` timestamp NULL DEFAULT NULL,
  PRIMARY KEY (`id`),
  KEY `work_reports_contractors_id_foreign` (`contractors_id`),
  KEY `work_reports_work_sites_id_foreign` (`work_sites_id`),
  CONSTRAINT `work_reports_contractors_id_foreign` FOREIGN KEY (`contractors_id`) REFERENCES `contractors` (`id`) ON DELETE CASCADE,
  CONSTRAINT `work_reports_work_sites_id_foreign` FOREIGN KEY (`work_sites_id`) REFERENCES `work_sites` (`id`) ON DELETE CASCADE
) ENGINE=InnoDB DEFAULT CHARSET=utf8mb4 COLLATE=utf8mb4_unicode_ci;
/*!40101 SET character_set_client = @saved_cs_client */;

--
-- Dumping data for table `work_reports`
--

LOCK TABLES `work_reports` WRITE;
/*!40000 ALTER TABLE `work_reports` DISABLE KEYS */;
INSERT INTO `work_reports` VALUES (1,'2026-04-01',1,1,'2026-04-07 22:00:47','2026-04-07 22:00:47'),(2,'2026-04-01',1,1,'2026-04-07 22:03:36','2026-04-07 22:03:36'),(3,'2026-04-01',2,1,'2026-04-07 22:04:13','2026-04-07 22:04:13'),(4,'2026-04-01',2,1,'2026-04-07 22:04:25','2026-04-07 22:04:25'),(5,'2026-04-01',3,1,'2026-04-07 22:04:44','2026-04-07 22:04:44'),(6,'2026-04-01',4,1,'2026-04-07 22:04:55','2026-04-07 22:04:55'),(7,'2026-04-01',6,2,'2026-04-07 22:11:42','2026-04-07 22:11:42'),(8,'2026-04-02',1,1,'2026-04-07 22:13:12','2026-04-07 22:13:12'),(9,'2026-04-02',1,1,'2026-04-07 22:14:21','2026-04-07 22:14:21'),(10,'2026-04-02',1,1,'2026-04-07 22:14:56','2026-04-07 22:14:56'),(11,'2026-04-02',2,1,'2026-04-07 22:15:08','2026-04-07 22:15:08'),(12,'2026-04-02',1,1,'2026-04-07 22:15:26','2026-04-07 22:15:26'),(13,'2026-04-02',3,1,'2026-04-07 22:15:45','2026-04-07 22:15:45'),(14,'2026-04-02',3,1,'2026-04-07 22:16:03','2026-04-07 22:16:03'),(15,'2026-04-02',4,1,'2026-04-07 22:16:20','2026-04-07 22:16:20'),(16,'2026-04-02',4,1,'2026-04-07 22:16:38','2026-04-07 22:16:38'),(17,'2026-04-02',5,2,'2026-04-07 22:17:03','2026-04-07 22:17:03'),(18,'2026-04-02',6,2,'2026-04-07 22:17:22','2026-04-07 22:17:22'),(19,'2026-04-03',1,1,'2026-04-07 22:17:45','2026-04-07 22:17:45'),(20,'2026-04-03',1,1,'2026-04-07 22:18:05','2026-04-07 22:18:05'),(21,'2026-04-03',2,1,'2026-04-07 22:18:18','2026-04-07 22:18:18'),(22,'2026-04-03',2,1,'2026-04-07 22:18:30','2026-04-07 22:18:30'),(23,'2026-04-03',3,1,'2026-04-07 22:18:47','2026-04-07 22:18:47'),(24,'2026-04-03',4,1,'2026-04-07 22:19:05','2026-04-07 22:19:05'),(25,'2026-04-03',5,2,'2026-04-07 22:19:22','2026-04-07 22:19:22'),(26,'2026-04-03',6,2,'2026-04-07 22:19:41','2026-04-07 22:19:41'),(27,'2026-04-06',1,1,'2026-04-07 22:20:07','2026-04-07 22:20:07'),(28,'2026-04-06',1,1,'2026-04-07 22:20:22','2026-04-07 22:20:22'),(29,'2026-04-06',1,1,'2026-04-07 22:21:40','2026-04-07 22:21:40'),(30,'2026-04-06',1,1,'2026-04-07 22:22:38','2026-04-07 22:22:38'),(31,'2026-04-06',2,1,'2026-04-07 22:22:54','2026-04-07 22:22:54'),(32,'2026-04-06',2,1,'2026-04-07 22:23:09','2026-04-07 22:23:09'),(33,'2026-04-06',2,1,'2026-04-07 22:23:24','2026-04-07 22:23:24'),(34,'2026-04-06',3,1,'2026-04-07 22:23:45','2026-04-07 22:23:45'),(35,'2026-04-06',3,1,'2026-04-07 22:23:58','2026-04-07 22:23:58'),(36,'2026-04-06',4,1,'2026-04-07 22:24:12','2026-04-07 22:24:12'),(37,'2026-04-06',4,1,'2026-04-07 22:24:24','2026-04-07 22:24:24'),(38,'2026-04-06',5,2,'2026-04-07 22:24:52','2026-04-07 22:24:52'),(39,'2026-04-06',6,2,'2026-04-07 22:25:07','2026-04-07 22:25:07'),(40,'2026-04-07',1,1,'2026-04-07 22:25:32','2026-04-07 22:25:32'),(41,'2026-04-07',1,1,'2026-04-07 22:26:01','2026-04-07 22:26:01'),(42,'2026-04-07',1,1,'2026-04-07 22:26:12','2026-04-07 22:26:12'),(43,'2026-04-07',2,1,'2026-04-07 22:26:26','2026-04-07 22:26:26'),(44,'2026-04-07',2,1,'2026-04-07 22:26:38','2026-04-07 22:26:38'),(45,'2026-04-07',2,1,'2026-04-07 22:27:01','2026-04-07 22:27:01'),(46,'2026-04-07',3,1,'2026-04-07 22:27:21','2026-04-07 22:27:21'),(47,'2026-04-07',3,1,'2026-04-07 22:27:40','2026-04-07 22:27:40'),(48,'2026-04-07',4,1,'2026-04-07 22:27:50','2026-04-07 22:27:50'),(49,'2026-04-07',4,1,'2026-04-07 22:28:00','2026-04-07 22:28:00'),(50,'2026-04-07',5,2,'2026-04-07 22:28:20','2026-04-07 22:28:20'),(51,'2026-04-07',6,2,'2026-04-07 22:28:37','2026-04-07 22:28:37'),(52,'2026-04-07',6,2,'2026-04-07 22:28:54','2026-04-07 22:28:54'),(53,'2026-04-08',1,1,'2026-04-09 04:31:08','2026-04-09 04:31:08'),(54,'2026-04-08',1,1,'2026-04-09 04:31:36','2026-04-09 04:31:36'),(55,'2026-04-08',1,1,'2026-04-09 04:31:52','2026-04-09 04:31:52'),(56,'2026-04-08',2,1,'2026-04-09 04:32:06','2026-04-09 04:32:06'),(57,'2026-04-08',2,1,'2026-04-09 04:32:19','2026-04-09 04:32:19'),(58,'2026-04-08',2,1,'2026-04-09 04:32:36','2026-04-09 04:32:36'),(59,'2026-04-08',2,1,'2026-04-09 04:32:47','2026-04-09 04:32:47'),(60,'2026-04-08',3,1,'2026-04-09 04:32:58','2026-04-09 04:32:58'),(61,'2026-04-08',3,1,'2026-04-09 04:33:14','2026-04-09 04:33:14'),(62,'2026-04-08',3,1,'2026-04-09 04:33:25','2026-04-09 04:33:25'),(63,'2026-04-08',4,1,'2026-04-09 04:33:36','2026-04-09 04:33:36'),(64,'2026-04-08',4,1,'2026-04-09 04:33:54','2026-04-09 04:33:54'),(65,'2026-04-08',5,2,'2026-04-09 04:34:10','2026-04-09 04:34:10'),(66,'2026-04-08',6,2,'2026-04-09 04:34:24','2026-04-09 04:34:24'),(67,'2026-04-09',1,1,'2026-04-09 04:35:26','2026-04-09 04:35:26'),(68,'2026-04-09',1,1,'2026-04-09 04:35:43','2026-04-09 04:35:43'),(70,'2026-04-09',1,1,'2026-04-09 04:35:59','2026-04-09 04:35:59'),(71,'2026-04-09',1,1,'2026-04-09 04:36:21','2026-04-09 04:36:21'),(72,'2026-04-09',2,1,'2026-04-09 04:36:37','2026-04-09 04:36:37'),(73,'2026-04-09',2,1,'2026-04-09 04:36:50','2026-04-09 04:36:50'),(74,'2026-04-09',2,1,'2026-04-09 04:36:57','2026-04-09 04:36:57'),(75,'2026-04-09',2,1,'2026-04-09 04:37:07','2026-04-09 04:37:07'),(76,'2026-04-09',3,1,'2026-04-09 04:37:19','2026-04-09 04:37:19'),(77,'2026-04-09',3,1,'2026-04-09 04:37:28','2026-04-09 04:37:28'),(78,'2026-04-09',3,1,'2026-04-09 04:37:42','2026-04-09 04:37:42'),(79,'2026-04-09',5,1,'2026-04-09 04:37:50','2026-04-09 04:37:50'),(80,'2026-04-09',4,1,'2026-04-09 04:37:57','2026-04-09 04:37:57'),(81,'2026-04-09',4,1,'2026-04-09 04:38:09','2026-04-09 04:38:09'),(82,'2026-04-09',6,2,'2026-04-13 08:52:07','2026-04-13 08:52:07'),(83,'2026-04-10',1,1,'2026-04-13 08:52:23','2026-04-13 08:52:23'),(84,'2026-04-10',1,1,'2026-04-13 08:52:30','2026-04-13 08:52:30'),(85,'2026-04-10',2,1,'2026-04-13 08:52:40','2026-04-13 08:52:40'),(86,'2026-04-10',2,1,'2026-04-13 08:52:52','2026-04-13 08:52:52'),(87,'2026-04-10',3,1,'2026-04-13 08:53:05','2026-04-13 08:53:05'),(88,'2026-04-10',3,1,'2026-04-13 08:53:14','2026-04-13 08:53:14'),(89,'2026-04-10',4,1,'2026-04-13 08:53:25','2026-04-13 08:53:25'),(90,'2026-04-10',4,1,'2026-04-13 08:53:37','2026-04-13 08:53:37'),(91,'2026-04-10',5,2,'2026-04-13 08:53:50','2026-04-13 08:53:50'),(92,'2026-04-10',6,2,'2026-04-13 08:54:05','2026-04-13 08:54:05'),(93,'2026-04-13',1,1,'2026-04-13 08:54:32','2026-04-13 08:54:32'),(94,'2026-04-13',1,1,'2026-04-13 08:54:42','2026-04-13 08:54:42'),(95,'2026-04-13',1,1,'2026-04-13 08:54:56','2026-04-13 08:54:56'),(96,'2026-04-13',1,1,'2026-04-13 08:55:12','2026-04-13 08:55:12'),(97,'2026-04-13',1,1,'2026-04-13 08:55:28','2026-04-13 08:55:28'),(98,'2026-04-13',2,1,'2026-04-13 08:55:49','2026-04-13 08:55:49'),(99,'2026-04-13',2,1,'2026-04-13 08:56:07','2026-04-13 08:56:07'),(100,'2026-04-13',2,1,'2026-04-13 08:56:18','2026-04-13 08:56:18'),(101,'2026-04-13',2,1,'2026-04-13 08:56:34','2026-04-13 08:56:34'),(102,'2026-04-13',2,1,'2026-04-13 08:56:42','2026-04-13 08:56:42'),(103,'2026-04-13',2,1,'2026-04-13 08:56:49','2026-04-13 08:56:49'),(104,'2026-04-13',3,1,'2026-04-13 09:05:10','2026-04-13 09:05:10'),(105,'2026-04-13',3,1,'2026-04-13 09:06:03','2026-04-13 09:06:03'),(106,'2026-04-13',3,1,'2026-04-13 09:14:02','2026-04-13 09:14:02'),(107,'2026-04-13',3,1,'2026-04-13 09:15:33','2026-04-13 09:15:33'),(108,'2026-04-13',4,1,'2026-04-13 09:16:04','2026-04-13 09:16:04'),(109,'2026-04-13',4,1,'2026-04-13 09:16:14','2026-04-13 09:16:14'),(110,'2026-04-13',4,1,'2026-04-13 09:16:26','2026-04-13 09:16:26'),(111,'2026-04-13',4,1,'2026-04-13 09:16:38','2026-04-13 09:16:38'),(112,'2026-04-13',5,2,'2026-04-13 09:16:54','2026-04-13 09:16:54'),(113,'2026-04-13',6,2,'2026-04-13 09:17:06','2026-04-13 09:17:06');
/*!40000 ALTER TABLE `work_reports` ENABLE KEYS */;
UNLOCK TABLES;

--
-- Table structure for table `work_sites`
--

DROP TABLE IF EXISTS `work_sites`;
/*!40101 SET @saved_cs_client     = @@character_set_client */;
/*!50503 SET character_set_client = utf8mb4 */;
CREATE TABLE `work_sites` (
  `id` bigint unsigned NOT NULL AUTO_INCREMENT,
  `name` varchar(255) COLLATE utf8mb4_unicode_ci NOT NULL,
  `address` varchar(255) COLLATE utf8mb4_unicode_ci NOT NULL,
  `created_at` timestamp NULL DEFAULT NULL,
  `updated_at` timestamp NULL DEFAULT NULL,
  PRIMARY KEY (`id`)
) ENGINE=InnoDB DEFAULT CHARSET=utf8mb4 COLLATE=utf8mb4_unicode_ci;
/*!40101 SET character_set_client = @saved_cs_client */;

--
-- Dumping data for table `work_sites`
--

LOCK TABLES `work_sites` WRITE;
/*!40000 ALTER TABLE `work_sites` DISABLE KEYS */;
INSERT INTO `work_sites` VALUES (1,'カンザキ(大黒埠頭営業所)','神奈川県横浜市鶴見区大黒埠頭1',NULL,NULL),(2,'片野工業(山下埠頭営業所)','神奈川県横浜市中区山下町279 5号上屋',NULL,NULL),(3,'片野工業(本牧埠頭営業所)','神奈川県横浜市中区本牧埠頭 B-5上屋',NULL,NULL);
/*!40000 ALTER TABLE `work_sites` ENABLE KEYS */;
UNLOCK TABLES;
/*!40103 SET TIME_ZONE=@OLD_TIME_ZONE */;

/*!40101 SET SQL_MODE=@OLD_SQL_MODE */;
/*!40014 SET FOREIGN_KEY_CHECKS=@OLD_FOREIGN_KEY_CHECKS */;
/*!40014 SET UNIQUE_CHECKS=@OLD_UNIQUE_CHECKS */;
/*!40101 SET CHARACTER_SET_CLIENT=@OLD_CHARACTER_SET_CLIENT */;
/*!40101 SET CHARACTER_SET_RESULTS=@OLD_CHARACTER_SET_RESULTS */;
/*!40101 SET COLLATION_CONNECTION=@OLD_COLLATION_CONNECTION */;
/*!40111 SET SQL_NOTES=@OLD_SQL_NOTES */;

-- Dump completed on 2026-04-14  9:00:20
